species,Control_R1,Control_R2,A_R1,A_R2,B_R1,B_R2
Bifidobacterium bifidum,7.1296,5.0689,12.3905,6.5088,12.361,19.6386
Lactobacillus acidophilus,0.0,1.5076,3.2884,3.0498,1.4205,7.8599
Bifidobacterium adolescentis,9.4723,2.5209,13.0599,11.8849,9.1369,10.9719
Bifidobacterium longum,9.9385,4.5449,10.9524,13.7371,9.5213,10.0156
Catenibacterium tridentinum,2.5612,0.3143,2.0679,2.1465,2.1397,2.1901
Escherichia coli,32.3609,56.7068,8.6475,11.1042,11.3136,15.2895
Bacteroides uniformis,8.1067,2.4758,3.888,3.5813,3.3872,5.2911
Agathobacter rectalis,0.4674,0.6395,2.6196,2.1744,2.1638,4.1939
Coprococcus eutactus,0.5044,0.6061,2.1975,1.8521,1.9952,3.1395
Phocaeicola vulgatus,5.5804,1.7277,2.2703,2.7128,2.1143,3.0569
Alistipes putredinis,1.278,0.6255,2.6742,2.4575,2.523,2.8085
Collinsella aerofaciens,3.8065,0.6358,3.9598,5.0465,3.4481,1.6372
Faecalibacterium prausnitzii,0.3877,0.7667,1.475,1.0106,1.1738,1.304
Bifidobacterium animalis,0.3068,0.3884,1.8067,1.2665,0.9122,0.2626
Bifidobacterium pseudocatenulatum,1.2359,0.4045,3.4615,2.8048,2.0821,1.5241
Ruminococcus bromii,0.6503,0.7441,1.4051,1.3947,0.946,1.1312
Ruminococcus bovis,0.0103,0.266,1.037,0.9348,0.8774,1.2669
Acidaminococcus provencensis,0.0,0.0,0.4647,0.4729,0.5445,0.4567
Blautia wexlerae,0.5369,0.6451,1.0982,0.9956,0.6383,0.588
Candidatus Cibionibacter quicibialis,0.4724,0.5044,1.1472,0.9445,0.9814,1.0512
Blautia massiliensis ex Durand et al 2017,0.6731,0.6933,1.29,1.2245,0.9775,1.036
Alistipes onderdonkii,0.7962,0.2771,1.2098,1.0451,1.1774,0.9457
Blautia faecis,0.1996,0.4374,1.134,1.0159,0.8007,0.8514
Megamonas funiformis,0.0943,0.0651,2.8909,3.1965,4.9359,0.3711
Megasphaera sp NM10,0.0,0.0128,0.5564,0.4764,0.3838,0.0793
Dorea longicatena,0.0551,0.2547,0.6171,0.48,0.5918,0.3754
Dialister succinatiphilus,0.1424,0.1556,0.6708,0.4986,0.4359,0.0539
Akkermansia muciniphila,0.5669,0.3229,0.5806,0.5912,0.5129,0.159
Alistipes finegoldii,0.4578,0.0954,0.8724,0.6526,0.743,0.5296
Dialister hominis,0.359,0.1508,0.5612,0.469,0.5053,0.5497
Parabacteroides distasonis,1.3081,0.3849,0.3779,0.6394,0.4429,0.3627
Wujia chipingensis,0.0,0.0482,0.4158,0.284,0.395,0.4137
Faecalitalea cylindroides,0.8087,0.0054,1.0228,1.7041,1.3849,0.2964
Streptococcus salivarius,0.0,0.2304,0.1874,0.083,0.1489,0.0
Gemmiger formicilis,0.0,0.1581,0.415,0.3359,0.4844,0.0
Dorea formicigenerans,0.0,0.0445,0.1329,0.1326,0.1567,0.0
Coprococcus comes,0.0,0.1255,0.2583,0.229,0.2569,0.0
Ruthenibacterium lactatiformans,0.0,0.0037,0.3341,0.3149,0.4567,0.0
GGB9480 SGB14874,0.0,0.0,0.0908,0.0461,0.1542,0.0
Anaerobutyricum hallii,0.0,0.2602,0.1916,0.2044,0.2072,0.0
Blautia obeum,0.1072,0.2091,0.2479,0.3528,0.2705,0.0
Limosilactobacillus vaginalis,0.0,0.0,0.0,0.0,0.0,0.0
Blautia luti,0.0,0.1046,0.1711,0.203,0.197,0.0
Coprococcus catus,0.0,0.1012,0.213,0.1919,0.2264,0.0
GGB4579 SGB6329,0.0,0.0,0.1488,0.2184,0.2396,0.0
Anaerostipes hadrus,0.0,0.1098,0.2431,0.1151,0.209,0.0
Bacteroides thetaiotaomicron,0.5625,0.1327,0.2563,0.2934,0.3276,0.118
Romboutsia timonensis,0.0,0.0991,0.2493,0.2278,0.2685,0.0113
GGB9715 SGB15265,0.0,0.3885,0.3584,0.2052,0.4778,0.112
Weissella confusa,0.0,0.0,0.0307,0.0711,0.0337,0.0
Roseburia faecis,0.0,0.2618,0.1829,0.1755,0.1795,0.0362
Ruminococcus bicirculans ex Wegman et al 2014,0.0,0.0,0.0,0.0,0.0349,0.0
Bacteroides caccae,0.1817,0.0467,0.1179,0.308,0.2069,0.0095
Mediterraneibacter faecis,0.0491,0.1096,0.2548,0.262,0.2057,0.0
Phocaeicola dorei,0.2627,0.0724,0.0997,0.1061,0.1419,0.0
GGB74412 SGB5075,0.0,0.0,0.1381,0.1425,0.1163,0.0
Bacteroides eggerthii,0.3386,0.0483,0.1352,0.1908,0.1961,0.0
Alistipes indistinctus,0.0,0.0845,0.1319,0.1119,0.151,0.0
Segatella copri,0.0,0.0,0.0469,0.0396,0.0498,0.0
Bacteroides ovatus,0.0317,0.0626,0.0619,0.1728,0.1588,0.0
Odoribacter splanchnicus,0.0,0.0,0.1491,0.1251,0.1525,0.0
Faecalibacterium hattorii,0.0,0.0275,0.1102,0.0671,0.1126,0.0
Alistipes shahii,0.0,0.0,0.055,0.1157,0.0983,0.0
Fusicatenibacter saccharivorans,0.0,0.0,0.1581,0.1546,0.1015,0.0
Bacteroides nordii,0.0,0.0179,0.1198,0.1753,0.2078,0.0
Adlercreutzia equolifaciens,0.0,0.0,0.0815,0.0767,0.1147,0.0
Ruminococcus torques,0.0,0.0,0.0424,0.0672,0.1141,0.0
GGB4571 SGB6317,0.0,0.02,0.1301,0.23,0.1707,0.0115
Oliverpabstia intestinalis,0.0,0.0572,0.1571,0.1474,0.1579,0.0
Bacteroides xylanisolvens,0.0,0.0208,0.1524,0.1559,0.1455,0.0
Barnesiella intestinihominis,0.0,0.0,0.1058,0.0967,0.1523,0.0
Bacteroides stercoris,0.0246,0.0,0.0982,0.0856,0.125,0.0
Sutterella wadsworthensis,0.0108,0.0,0.1098,0.1932,0.211,0.0
Parabacteroides goldsteinii,0.1131,0.0542,0.0284,0.1,0.0919,0.0
GGB4552 SGB6274,0.0,0.003,0.0457,0.1167,0.1043,0.0
Methanobrevibacter smithii,0.0,0.0343,0.005,0.0785,0.1069,0.0
Parabacteroides merdae,0.0431,0.0321,0.0074,0.1207,0.0781,0.0
Hominilimicola fabiformis,0.0,0.0,0.0407,0.0988,0.1104,0.0
Faecalibacterium SGB15346,0.0,0.0,0.0,0.0,0.0382,0.0
Dialister invisus,0.0,0.0107,0.054,0.0182,0.0707,0.0
Enteroscipio rubneri,0.0,0.0,0.0341,0.0513,0.0639,0.0
Brotocaccenecus SGB15090,0.0,0.0142,0.0048,0.0321,0.0749,0.0
Blautia sp MCC283,0.0,0.0301,0.0701,0.0789,0.0619,0.0
GGB9358 SGB14334,0.0,0.0,0.0293,0.0,0.0666,0.0
Ruminococcus lactaris,0.0,0.0,0.0,0.0103,0.0332,0.0
Faecalicatena fissicatena,0.0,0.0,0.0184,0.0,0.0728,0.0
Phascolarctobacterium faecium,0.0,0.0,0.1455,0.2117,0.1583,0.0
Lentihominibacter faecis,0.0,0.0,0.0,0.0,0.0292,0.0
Enterococcus faecium,0.0,0.1691,0.0816,0.2412,0.1148,0.0
GGB9708 SGB15236,0.0,0.0,0.0456,0.0295,0.1006,0.0
Fusobacterium mortiferum,3.8763,0.0,0.2012,0.3922,0.6312,0.0
Catenibacterium mitsuokai,0.6815,0.0,0.2056,0.2079,0.2203,0.0
GGB9715 SGB15266,0.0,0.2789,0.1098,0.0,0.264,0.0
Thomasclavelia ramosa,0.0,0.0,0.0214,0.5153,0.2229,0.0
Paratractidigestivibacter faecalis,0.0,0.0,0.0129,0.1515,0.0916,0.0
Faecalicoccus pleomorphus,0.0,0.0,0.0,0.1699,0.0817,0.0
GGB781 SGB1024,0.3774,0.0,0.0541,0.2184,0.1261,0.0
Bacteroides faecis,0.1404,0.0774,0.0054,0.1053,0.0791,0.0
Bifidobacterium catenulatum,0.0,0.0,0.2256,0.143,0.156,0.0
Lactobacillus paragasseri,0.0,0.0,0.0,0.0502,0.0,0.0
Enorma phocaeensis,0.0,0.0,0.0212,0.0009,0.0509,0.0
Sellimonas intestinalis,0.0,0.0,0.007,0.0,0.0726,0.0
GGB9634 SGB15106,0.0,0.0517,0.0,0.0,0.0599,0.0
Bacteroides fragilis,0.0,0.0,0.0,0.0456,0.0426,0.0
Bacteroides cellulosilyticus,0.0,0.0,0.0,0.0054,0.0388,0.0
Clostridium symbiosum,0.0,0.0,0.0,0.0,0.0548,0.0
Enterocloster bolteae,0.0,0.0,0.0673,0.0582,0.09,0.0
GGB9658 SGB15142,0.0,0.0,0.0,0.0,0.0,0.0
Intestinimonas butyriciproducens,0.0,0.0,0.0,0.0,0.0,0.0
GGB6574 SGB9290,0.0,0.0,0.0,0.0,0.0229,0.0
Eubacterium callanderi,0.0,0.0,0.0,0.0,0.0,0.0
Enterococcus faecalis,0.0,0.0,0.0,0.0,0.0,0.0
Fusobacterium varium,0.0,0.0,0.0,0.0,0.0,0.0
Enterocloster citroniae,0.0,0.0,0.0,0.0,0.0,0.0
Klebsiella pneumoniae,0.0,0.0,0.0,0.0,0.0,0.0
Flavonifractor plautii,0.0,0.0,0.0,0.0,0.0,0.0
Culturomica massiliensis,0.0,0.0,0.0,0.0,0.0,0.0
Bilophila wadsworthia,0.0,0.0,0.0,0.0107,0.0305,0.0
Duodenibacillus massiliensis,0.0,0.0,0.0,0.0,0.0,0.0
Clostridium SGB6173,0.0,0.0,0.0,0.0,0.0,0.0
Hungatella hathewayi,0.0,0.0,0.0,0.0,0.0,0.0
Intestinibacillus massiliensis,0.0,0.0,0.0,0.0,0.0,0.0
Sutterella SGB9281,0.0,0.0,0.0,0.0,0.0651,0.0
Anthropogastromicrobium aceti,0.0,0.0,0.0631,0.05,0.0677,0.0
Lachnospira pectinoschiza,0.0,0.0,0.0,0.0,0.0526,0.0
GGB3052 SGB4053,0.0,0.0,0.0705,0.0598,0.0535,0.0
GGB3002 SGB3993,0.0,0.0,0.0,0.0017,0.0458,0.0
Zhenpiania hominis,0.0,0.0,0.0,0.0,0.0399,0.0
Blautia glucerasea,0.0,0.0,0.0,0.0144,0.0313,0.0
Anaerobutyricum soehngenii,0.0,0.0,0.0,0.0344,0.0076,0.0
GGB3345 SGB4425,0.0,0.0,0.0,0.0,0.0297,0.0
GGB9770 SGB15390,0.0,0.0227,0.0,0.0,0.042,0.0
Agathobaculum butyriciproducens,0.0,0.0,0.0,0.0,0.0079,0.0
GGB143098 SGB14906,0.0,0.0,0.0,0.0,0.0352,0.0
Dysosmobacter welbionis,0.0,0.0,0.0,0.0323,0.0147,0.0
Collinsella bouchesdurhonensis,0.0,0.0,0.0,0.0654,0.0331,0.0
GGB9708 SGB15234,0.0,0.0,0.0,0.0,0.0132,0.0
Streptococcus thermophilus,0.0,0.0,0.0,0.0,0.015,0.0
GGB4649 SGB6436,0.0,0.0,0.0,0.0,0.0071,0.0
Parolsenella catena,0.0,0.0,0.0,0.0,0.0233,0.0
Lachnospira eligens,0.0,0.0,0.0,0.0,0.0178,0.0
GGB9758 SGB15368,0.0,0.0,0.0,0.0186,0.0235,0.0
Monoglobus pectinilyticus,0.0,0.0,0.0,0.0446,0.042,0.0
Blautia intestinalis,0.0,0.0182,0.0,0.0045,0.0405,0.0
Parasutterella secunda,0.0,0.0,0.0045,0.0,0.035,0.0
Eggerthella lenta,0.0,0.0,0.0,0.0,0.0393,0.0
Lachnospiraceae bacterium,0.0,0.0,0.0,0.0,0.0,0.0
GGB6546 SGB9246,0.0,0.0,0.0,0.0074,0.019,0.0
Bacteroides finegoldii,0.0,0.0,0.0,0.0,0.0215,0.0
Butyricimonas paravirosa,0.0,0.0,0.0135,0.0288,0.0323,0.0
Holdemanella porci,0.0,0.0,0.0,0.0,0.0082,0.0
Dorea sp AF36 15AT,0.0,0.0,0.0,0.0,0.0118,0.0
Bifidobacterium angulatum,0.0,0.0,0.0,0.0,0.0294,0.0
Blautia caecimuris,0.0,0.0,0.0277,0.0295,0.0456,0.0
Ligilactobacillus ruminis,0.0,0.0729,0.0,0.0,0.0166,0.0
Oscillibacter sp ER4,0.0,0.0,0.0,0.0,0.0039,0.0
Enorma massiliensis,0.0,0.0,0.0,0.0,0.062,0.0
Collinsella tanakaei,0.0,0.0,0.0,0.0212,0.0458,0.0
GGB9641 SGB15117,0.0,0.0,0.0,0.0,0.0374,0.0
Butyricimonas virosa,0.0,0.0,0.0,0.0,0.0276,0.0
Alistipes timonensis,0.0,0.0,0.0,0.0,0.0228,0.0
GGB3550 SGB4746,0.0,0.0,0.0,0.0,0.0178,0.0
Clostridium sp AT4,0.0,0.0,0.0,0.0,0.0156,0.0
Coprobacillus cateniformis,0.0,0.0,0.0,0.0,0.0156,0.0
Eubacterium sp AF34 35BH,0.0,0.0,0.0,0.0,0.0155,0.0
Alistipes communis,0.0,0.0,0.0,0.0,0.0133,0.0
GGB9365 SGB14341,0.0,0.0,0.0,0.0,0.0096,0.0
Holdemanella biformis,0.0,0.0,0.0,0.0,0.0071,0.0
Bacteroides intestinalis,0.0,0.0,0.0,0.0,0.0056,0.0
Clostridium fessum,0.0,0.0,0.0,0.0,0.0048,0.0
Desulfovibrio piger,0.0,0.0,0.0,0.0,0.0041,0.0
Traorella massiliensis,0.0,0.0,0.0,0.0,0.0041,0.0
Alistipes senegalensis,0.0,0.0,0.0,0.0,0.0025,0.0
GGB77494 SGB107063,0.0,0.0,0.0,0.0,0.0021,0.0
Fusicatenibacter faecihominis,0.0,0.0,0.0,0.0,0.0015,0.0
Candidatus Stoquefichus sp SB1,0.0,0.0,0.0,0.0,0.001,0.0
Ruminococcus callidus,0.0,0.0,0.0,0.0,0.0009,0.0
Simiaoa sunii,0.0,0.0,0.0,0.0,0.0,0.0
Lacticaseibacillus rhamnosus,0.0,0.0,0.0,0.0,0.0,0.0
GGB42571 SGB59766,0.0,0.0,0.0,0.0,0.0,0.0
Roseburia hominis,0.0,0.0,0.0,0.0,0.0,0.0
GGB51647 SGB4348,0.0,0.0,0.0,0.0,0.0,0.0
GGB9642 SGB15119,0.0,0.0,0.0,0.0,0.0,0.0
GGB3033 SGB4029,0.0,0.0,0.0,0.0,0.0,0.0
Senegalimassilia anaerobia,0.0,0.0,0.0,0.0,0.0,0.0
GGB3306 SGB4371,0.0,0.0,0.0,0.0,0.0,0.0
Eubacterium ramulus,0.0,0.0,0.0,0.0,0.0,0.0
Faecalibacterium wellingii,0.0,0.0,0.0,0.0,0.0,0.0
Segatella sinensis,0.0,0.0,0.0,0.0,0.0,0.0
Waltera acetigignens,0.0,0.0,0.0,0.0,0.0,0.0
